_id,id,device_id,record_oid,count_start_date,count_end_date,average_daily_car_traffic,neighborhood_size ,counter_number,counter_type,speed_limit,max_speed,median_speed,percent_over_limit,speed85_percent,speed95_percent,longitude,latitude,neighborhood,council_district,ward,tract,public_works_division,pli_division,police_zone,fire_zone
1,1011743669,85,1445865260,4/18/19,4/26/19,4949,0.255,6,StatTrak,25,,29,77,34,37,-7996777201,4045573295,Polish Hill,7,6,42003060500,6,6,2,2/6/24
2,1026101993,140,1121444006,1/24/19,,,,,Intersection Study,,,,,,,-799522495,4046615676,Central Lawrenceville,7,9,42003090200,2,9,2,3/6/24
3,1032382575,11,1539892711,8/28/18,9/4/18,,,,,35,63,33,28,38,41,-8007646887,4046071714,Windgap,2,28,42003563000,5,28,6,1/16/24
4,103627606,9,734195080,7/17/18,8/1/18,2741,,,StatTrak,25,61,28,70,31,33,-7991433497,4043737854,Squirrel Hill South,5,14,42003140800,3,14,4,2/18/24
5,1039546167,144,,,,,,,,,,,,,,-8001921111,4049079426,Perry North,1,26,42003260200,1,26,1,1/15/24
6,1041392556,76,571347213,3/22/19,3/29/19,1046,0.259,2,StatTrak,25,,19,2,21,23,-8001423363,4045810596,Central Northside,6,25,42003250300,1,25,1,1/21/24
7,1047444948,17,1366891391,10/18/18,,,,,,25,,,,,,-7994227261,4044628196,Squirrel Hill North,8,14,42003140100,3,14,4,2/26/24
8,1053645660,87,804208919,4/18/19,4/26/19,3015,,4,StatTrak,25,,26,58,31,34,-7996459248,4045711932,Polish Hill,7,6,42003060500,6,6,2,2/6/24
9,1073440033,156,1736165318,7/28/17,,,,,Intersection Study,,,,,,,-7996038525,4043898325,Central Oakland,3,4,42003040500,3,4,4,2/14/24
10,1092885547,143,,,,,,,,,,,,,,-799209585,40467294,East Liberty,9,11,42003111300,2,11,5,3/8/24
11,1102260248,8,1088318339,7/16/18,8/1/18,5592,2.67,,StatTrak,25,61,28,70,31,33,-7991192545,4043562019,Squirrel Hill South,5,14,42003140800,3,14,4,2/21/24
12,1110382210,47,106669941,5/31/19,6/6/19,,,,StatTrak,25,,29,75,35,38,-7992737032,4042372166,Greenfield,5,15,42003151700,3,15,4,2/15/24
13,1117908706,130,1566356938,6/4/18,,,,,Intersection Study,,,,,,,-7998551968,4043679226,Bluff,6,1,42003010300,3,1,2,2/4/24
14,1130122192,65,1341476139,2/5/19,2/14/19,1455,0.327,,StatTrak,25,,22,23,28,32,-7997955406,4043648236,Bluff,6,1,42003010300,3,1,2,2/1/24
15,115502120,176,1215642552,8/9/19,8/19/19,11500,0.754,5,StatTrak,25,,37,98,41,44,-8005240317,4045192582,Crafton Heights,2,20,42003281400,5,20,6,1/16/24
16,1155507145,72,1207664438,2/14/19,2/21/19,6793,0.921,1,StatTrak,25,,26,,30,,-7994374469,4045270903,Shadyside,8,7,42003070900,2,7,4,3/22/24
17,1156129090,159,,,,,,,,,,,,,,-799576785,4048178403,Upper Lawrenceville,7,10,42003101100,2,10,2,3/5/24
18,1158858353,36,1131386560,6/25/18,7/12/18,7688,1.163,,StatTrak,25,64,32,92,35,38,-7992331564,4047816127,Highland Park,7,11,42003110200,2,11,5,3/9/24
19,1159852619,118,1024536191,7/9/19,7/12/19,10350,0.303,12,StatTrak,25,,29,78,34,39,-8000193738,404478489,North Shore,1,22,42003563200,6,22,1,1/20/24
20,1181317290,50,547249635,12/28/18,1/10/19,9435,0.581,11,StatTrak,25,,29,79,34,38,-799269309,4047015706,East Liberty,9,11,42003111300,2,11,5,3/8/24
21,1195830691,23,914441129,12/15/19,12/24/19,3860,,2,StatTrak,25,,24,36,29,34,-8000955705,404331717,Mount Washington,2,19,42003190300,5,19,3,4/27/24
22,1204353487,173,604849055,8/9/19,8/19/19,9709,,6,StatTrak,25,,29,79,34,36,-8001587315,4040252762,Brookline,4,19,42003191700,5,19,6,4/26/24
23,1212908013,18,2140917772,9/21/18,10/17/18,,,,Tube,25,,,,,,-8000338687,4043293366,South Shore,3,19,42003980700,5,19,3,4/2/24
24,1234866649,20,1631657541,9/21/18,10/17/18,,,,Tube,,,,,,,-7999510153,4043430152,Bluff,6,1,42003010300,6,1,2,2/4/24
25,1241651644,137,1512307687,6/6/19,,,,,Intersection Study,,,,,,,-7996011943,4044050937,Central Oakland,3,4,42003040500,3,4,4,2/14/24
26,1263398518,202,1714736490,11/4/19,11/13/19,613,,2,StatTrak,25,,22,25,27,31,-7992741399,4045231499,Shadyside,8,7,42003070600,2,7,4,3/11/24
27,1292111053,179,1825903801,8/30/19,9/9/19,1163,,15,StatTrak,25,,25,44,29,32,-7992397388,4046907146,East Liberty,9,11,42003111300,2,11,5,3/8/24
28,129975666,169,403208613,8/1/19,8/9/19,7686,1.139,3,StatTrak,25,,30,89,35,38,-8001423835,4042978268,Mount Washington,2,19,42003190300,5,19,3,4/1/24
29,1317856239,128,1699722646,11/6/18,,,,,Intersection Study,,,,,,,-7996180918,4042477666,South Side Flats,3,16,42003160900,3,16,3,4/24/24
30,1329900951,133,1615505629,7/18/19,7/26/19,3239,1.22,2,StatTrak,25,,27,62,32,35,-7991652254,4044443596,Squirrel Hill North,8,14,42003140300,3,14,4,2/18/24
31,133236567,73,1441617442,2/14/19,2/22/19,1120,,CHECK # AND DIRECTION,StatTrak,25,,21,17,26,29,-7994571343,4045549902,Bloomfield,7,8,42003080400,2,8,5,2/23/24
32,1345473232,26,1550819866,11/14/18,11/20/18,9546,,,StatTrak,25,59,28,68,31,34,-7992779001,4043688097,Squirrel Hill South,5,14,42003141300,3,14,4,2/21/24
33,1354544991,114,87062605,6/28/19,7/5/19,6984,0.702,14,StatTrak,35,,29,14,35,39,-799406417,404563822,Bloomfield,7,8,42003080400,2,8,5,3/1/24
34,137432711,61,1367249115,3/7/19,3/14/19,8512,0.445,1,StatTrak,25,30,26,52,31,35,-7991439666,4046062267,Larimer,9,12,42003120800,2,12,5,3/10/24
35,1400409572,106,677650724,6/13/19,6/20/19,4448,0.1,,StatTrak,25,,28,68,25,,-7993595346,4046180227,Friendship,9,8,42003080700,2,8,5,3/23/24
36,1408140580,212,1715086530,6/11/19,6/11/19,,,Tuesday SPC video data,,,,,,,,-7995862613,4043102343,South Oakland,3,4,42003980800,3,4,4,2/2/24
37,1412494129,116,159026183,7/5/19,7/11/19,3150,,6,StatTrak,,,34,95,39,43,-7993727559,4043804843,Squirrel Hill North,5,14,42003140100,3,14,4,2/8/24
38,1419330323,92,1083199734,4/26/19,5/4/19,12335,1.004,,StatTrak,25,,31,87,36,39,-7989620029,404444114,Point Breeze,9,14,42003140600,3,14,4,3/14/24
39,1432224337,150,2014846017,,,,,,StatTrak,25,,,,,,-8004879395,4043135694,Westwood,2,28,42003563100,5,28,6,1/18/24
40,144345379,192,383914084,10/14/19,10/21/19,16729,0.192,3,StatTrak,25,,30,86,35,38,-7989667461,4043681375,Regent Square,5,14,42003141000,3,14,4,2/16/24
41,1463283046,115,665615900,6/28/19,7/5/19,8911,,15,StatTrak,,,27,,33,37,-7993166971,4045903735,East Liberty,7,8,42003111500,2,8,5,3/23/24
42,1466903750,3,2009670262,9/13/18,9/20/18,8407,,,StatTrak,25,77,32,97,36,39,-7992899198,404693202,East Liberty,9,11,42003111300,2,11,5,3/4/24
43,1468921509,132,1461288045,7/18/19,7/26/19,1265,,1,StatTrak,25,,26,56,30,33,-7991650754,4044561249,Point Breeze,8,14,42003140400,3,14,4,2/17/24
44,1503643471,55,1966066309,1/14/19,1/22/19,1786,0.963,14,StatTrak,25,,18,4,21,24,-7996050515,4047360042,Central Lawrenceville,7,9,42003090100,2,9,2,3/3/24
45,1530178639,68,676704832,2/5/19,2/14/19,,,,StatTrak,,,,,,,-7998086521,4043660264,Bluff,6,1,42003010300,3,1,2,2/1/24
46,1533566550,196,1464305119,10/21/19,10/29/19,527,0.302,4,StatTrak,25,,23,25,27,30,-7998968666,4041812496,Knoxville,3,30,42003300100,5,30,3,4/6/24
47,1566340195,24,1549751514,10/21/19,10/28/19,3776,0.281,5,StatTrak,25,,25,47,30,33,-799493951,4044112373,Central Oakland,5,4,42003040600,3,4,4,2/8/24
48,1568219989,31,2101724073,1/14/19,1/22/19,6443,,,StatTrak,25,,25,47,32,36,-7998064703,4045349731,Strip District,7,2,42003020300,6,2,2,2/25/24
49,1581659026,7,371546790,10/19/18,11/8/18,,,,Tube,,,,,,,-7995142134,4044225095,Central Oakland,3,4,42003982200,3,4,4,2/8/24
50,1591011355,165,,,,,,,,,,,,,,-7996331914,4043938259,West Oakland,6,4,42003040200,3,4,4,2/14/24
51,1592268905,111,242374247,6/28/19,7/5/19,6984,,11,StatTrak,35,,30,14,35,39,-7995007952,4045402427,Bloomfield,7,8,42003080400,2,8,5,2/23/24
52,1598018270,71,1717624375,2/14/19,2/18/19,,,2,StatTrak,,,,,,,-7994205758,4045106804,Shadyside,8,7,42003070900,2,7,4,3/22/24
53,1604686268,37,1114667008,6/5/18,6/21/18,976,,,StatTrak,25,,272,,287,298,-7992591208,4042485559,Greenfield,5,15,42003151700,3,15,4,2/15/24
54,1628179164,14,747494082,6/5/18,6/21/18,,,,,,,,,,,-7992618443,4042126864,Greenfield,5,15,42003151700,3,15,4,2/15/24
55,1635967977,12,1029658716,12/12/19,12/24/19,1080,,16,StatTrak,25,,24,39,31,36,-799155315,40471092,Highland Park,7,11,42003110600,2,11,5,3/9/24
56,1658184502,60,1739195149,3/8/19,3/14/19,1218,,5,StatTrak,25,,19,10,24,27,-7991288926,4046107368,Larimer,9,12,42003120800,2,12,5,3/12/24
57,1667548447,62,1755445415,3/7/19,3/14/19,728,,2,StatTrak,25,,22,22,27,29,-7991397019,4046013288,Larimer,9,12,42003120800,2,12,5,3/10/24
58,1669534769,10,1211728398,8/20/18,9/4/18,2931,0.415,,StatTrak,25,73,32,44,36,40,-8007339585,4045766034,Windgap,2,28,42003563000,5,28,6,1/16/24
59,1670424503,45,256296411,12/11/18,12/20/18,2046,,2,StatTrak,25,56,30,85,35,38,-8002553687,4040494914,Beechview,4,19,42003192000,5,19,6,4/28/24
60,1679750822,146,1502387803,,,,,,StatTrak,25,,,,,,-799654313,4041840112,South Side Slopes,3,16,42003160800,3,16,3,4/22/24
61,1683704966,74,2021427153,2/14/19,2/22/19,7111,,,StatTrak,25,,32,91,38,41,-7994753931,4045629549,Bloomfield,7,8,42003080400,2,8,5,2/23/24
62,1691716209,33,104424121,12/12/19,12/24/19,1530,,5,StatTrak,25,,22,15,25,28,-7996058225,4045581498,Upper Hill,6,5,42003050600,3,5,2,2/22/24
63,1706030566,131,461114479,12/4/18,,,,,Intersection Study,,,,,,,-7992916037,4046265524,East Liberty,9,8,42003111500,2,8,5,3/23/24
64,1715881199,134,892947564,8/30/19,9/9/19,781,,12,StatTrak,25,,24,35,28,31,-7991884232,4044270124,Squirrel Hill North,8,14,42003140300,3,14,4,2/18/24
65,1717007839,155,296679783,8/4/17,,,,,Intersection Study,,,,,,,-7998924526,4044881881,Strip District,7,2,42003020300,6,2,2,2/3/24
66,1719894567,52,647961876,1/2/19,1/10/19,5490,,13,StatTrak,25,,33,96,37,39,-7991556754,4043463262,Squirrel Hill South,5,14,42003140800,3,14,4,2/21/24
67,1748063787,138,2093126519,6/6/19,,,,,Intersection Study,,,,,,,-7996322543,4044463282,North Oakland,8,4,42003982200,3,4,4,2/10/24
68,1762392161,117,445302996,7/9/19,7/12/19,,,1,StatTrak,25,,31,89,36,39,-8000378538,4044698296,North Shore,1,22,42003563200,6,22,1,1/20/24
69,1764179882,218,2070392086,11/22/19,12/4/19,4016,,3,StatTrak,25,,33,95,37,40,-7994220469,404807247,Stanton Heights,9,10,42003101800,2,10,5,3/5/24
70,1767041391,217,1950664877,11/22/19,12/4/19,6090,,2,StatTrak,25,,30,76,35,38,-7993672854,4048122548,Stanton Heights,7,10,42003101800,2,10,5,3/7/24
71,1768576138,75,648748382,3/22/19,3/29/19,9405,0.278,11,StatTrak,25,,39,98,45,50,-8002854943,4045486521,Manchester,6,21,42003210700,1,21,1,1/8/24
72,1778941167,171,755918726,8/1/19,8/9/19,8243,0.716,5,StatTrak,25,,31,92,36,39,-7998340694,4042169397,South Side Slopes,3,17,42003170600,3,17,3,4/3/24
73,1780264395,154,1346599065,11/30/17,,,,,Intersection Study,,,,,,,-7996202491,4043571895,South Oakland,6,4,42003040900,3,4,4,2/10/24
74,1783830298,99,644311719,5/28/19,6/5/19,927,,2,StatTrak,25,,22,26,28,32,-799358625,40439286,Squirrel Hill North,8,14,42003140100,3,14,4,2/8/24
75,1784275556,108,215436152,6/13/19,6/20/19,,,,StatTrak,25,,21,8,24,,-7992935523,404806988,Morningside,7,10,42003101400,2,10,5,3/7/24
76,181106020,184,2107178505,9/9/19,9/17/19,763,1.46,14,StatTrak,25,,22,20,27,30,-8002645665,4040951121,Beechview,4,19,42003191600,5,19,6,4/28/24
77,1811704043,164,,,,,,,,,,,,,,-7994499233,4040869619,Hazelwood,5,15,42003562900,3,15,4,2/13/24
78,1831547274,122,404240136,3/2/19,,,,,Intersection Study,,,,,,,-7996256825,4043853938,South Oakland,6,4,42003040900,3,4,4,2/14/24
79,1838413170,208,367296608,11/14/19,12/4/19,317,,4,StatTrak,25,,22,21,27,30,-7991835449,4047036337,Highland Park,7,11,42003110600,2,11,5,3/9/24
80,1858604360,43,1603853069,12/4/18,12/8/18,768,,2,StatTrak,25,20,193,0,195,198,-7996113978,4045873516,Polish Hill,7,6,42003060500,6,6,2,2/6/24
81,1885274692,13,563616731,12/12/19,12/24/19,4548,,,StatTrak,,,28,,32,35,-7991541,4047216898,Highland Park,7,11,42003110600,2,11,5,3/9/24
82,1890248654,182,414168419,9/9/19,9/17/19,1410,1.212,11,StatTrak,25,,18,1,20,22,-8001451118,4048540243,Perry North,1,26,42003260700,1,26,1,1/15/24
83,1892724639,206,1551520471,11/14/19,11/22/19,2450,,3,StatTrak,25,,25,43,29,32,-7993147351,404350968,Squirrel Hill South,5,14,42003141300,3,14,4,2/21/24
84,1901404544,124,1353107740,7/9/19,,,,,Intersection Study,,,,,,,-7996308762,4046819844,Lower Lawrenceville,7,6,42003060300,2,6,2,3/3/24
85,1909253901,200,382287114,11/4/19,11/13/19,416,,3,StatTrak,25,,22,21,27,30,-7993259811,4044978768,Shadyside,8,7,42003070300,2,7,4,3/22/24
86,1910901085,211,1129909123,6/11/19,6/11/19,,,Tuesday SPC video count,,,,,,,,-799619266,4042706242,South Side Flats,3,16,42003160900,3,16,3,4/24/24
87,1920331937,57,951153209,1/24/19,1/27/19,5151,,,StatTrak,25,,30,82,36,40,-7991268541,4046014717,Larimer,9,12,42003120800,2,12,5,3/10/24
88,1922660255,104,,,,,,,,,,,,,,-7991220792,4044320727,Point Breeze,9,14,42003981100,3,14,4,2/18/24
89,1927765267,220,2128886737,12/12/19,12/24/19,4550,0.499,3,StatTrak,25,,28,77,32,35,-7995546822,4044952206,North Oakland,8,4,42003562000,3,4,4,2/7/24
90,1931690242,95,670720124,5/16/19,5/28/19,,,3,StatTrak,25,,,,,,-7999753526,4038585034,Overbrook,4,32,42003320700,5,32,3,4/25/24
91,193365102,152,1397392243,4/5/18,,,,,Intersection Study,,,,,,,-799173396,4045747705,Larimer,9,12,42003120800,2,12,5,3/13/24
92,1937275532,15,1524870004,10/18/18,11/8/18,,,,Tube,,,,,,,-7995222986,4044355804,North Oakland,8,4,42003982200,3,4,4,2/8/24
93,1944653312,214,,,,,,,,,,,,,,-7992723824,4041953524,Greenfield,5,15,42003151700,3,15,4,2/12/24
94,1949792833,34,423973251,4/19/19,4/26/19,13788,0.541,5,StatTrak,25,,38,98,45,50,-7987884462,4045609866,East Hills,9,13,42003130600,2,13,5,3/17/24
95,1950996584,167,1709615411,8/1/19,8/9/19,5831,0.623,1,StatTrak,25,,25,48,30,33,-8001896038,4043810096,Duquesne Heights,2,19,42003191100,5,19,3,4/1/24
96,1962477925,185,1815733444,9/9/19,9/17/19,1468,,0.499,StatTrak,25,,21,21,27,32,-8002168961,4039386195,Brookline,4,19,42003191800,5,19,6,4/26/24
97,1970919677,51,152378178,12/28/18,1/10/19,5787,,11,StatTrak,25,,28,68,32,36,-7992516869,404710773,East Liberty,9,11,42003111300,2,11,5,3/9/24
98,197297885,44,1074767029,12/11/18,12/20/18,4301,,1,StatTrak,25,61,27,60,32,36,,,Mount Washington,2,19,42003190300,5,19,3,4/1/24
99,1978276806,35,1470358683,,,,,,StatTrak,,,,,,,-7989508807,4046746757,Lincoln-Lemington-Belmar,9,12,42003561900,2,12,5,3/18/24
100,1991312704,109,1227701093,6/14/19,6/24/19,3304,0.69,,StatTrak,25,,,60,31,35,-8005406427,4045416573,Sheraden,2,20,42003562500,5,20,6,1/16/24
101,1999344253,30,869081196,,,,,,StatTrak,,,,,,,-8003886571,4043751249,Elliott,2,20,42003562600,5,20,6,1/17/24
102,1999971120,28,821675395,11/20/18,11/29/18,1802,0.362,1,StatTrak,25,60,28,71,32,35,-7993023611,4048119172,Morningside,7,10,42003101400,2,10,5,3/7/24
103,2010535291,32,349231465,10/21/19,10/29/19,1049,,1,StatTrak,25,,21,15,25,29,-7995893404,4045986096,Polish Hill,7,6,42003060500,6,6,2,2/6/24
104,2010764703,112,337528599,6/28/19,7/5/19,7579,,12,StatTrak,35,,34,40,39,43,-7995056556,4045414752,North Oakland,6,5,42003562000,3,5,4,2/23/24
105,2036930509,69,1766709460,2/14/19,2/19/19,7621,,6,StatTrak,25,,26,,32,37,-7994232312,4044625098,Squirrel Hill North,8,14,42003140100,3,14,4,2/26/24
106,2043200367,19,198025605,9/21/18,10/17/18,,,,Tube,,,,,,,-8000353171,4043277645,South Shore,3,19,42003980700,5,19,3,4/2/24
107,2049722358,5,788509482,10/17/18,10/29/18,4015,,,StatTrak,25,56,29,81,33,36,-8001367658,4043088376,Mount Washington,2,19,42003190300,5,19,3,4/1/24
108,2051810147,215,,,,,,,,,,,,,,-799714485,4045971601,Strip District,7,6,42003020300,6,6,2,3/2/24
109,2081817713,16,1173781973,10/18/18,11/8/18,3580,,,Tube,,,,,,,-7994878377,4044199223,North Oakland,8,4,42003982200,3,4,4,2/8/24
110,2101056227,39,390219700,6/25/18,7/11/18,5327,,,StatTrak,25,49,21,10,24,28,-7991887807,4047948497,Highland Park,7,11,42003980100,2,11,5,3/9/24
111,2105934554,170,537629304,8/1/19,8/9/19,9075,,4,StatTrak,25,,32,91,37,40,-8000697132,4042044846,Mount Washington,2,19,42003191500,5,19,3,4/16/24
112,2140403077,89,1958633037,,,16711,0.5,,StatTrak,25,,34,90,41,45,-7998250998,4045106102,Strip District,7,2,42003020300,6,2,2,2/3/24
113,2144656649,145,,,,,,,,,,,,,,-8002346881,4041684574,Beechview,4,19,42003191600,5,19,6,4/28/24
114,2146294802,194,1598450025,12/12/19,12/24/19,5015,,4,StatTrak,25,,32,94,36,39,-7991097942,4043563381,Squirrel Hill South,5,14,42003140800,3,14,4,2/21/24
115,227010728,90,1841997569,1/14/19,1/22/19,2305,0.64,,StatTrak,25,,19,6,23,25,-7999886586,4043812771,Central Business District,6,1,42003020100,6,1,2,1/4/24
116,227082796,209,1717953508,11/14/19,12/2/19,995,,1,,25,,20,9,24,27,-7991624686,4047001795,Highland Park,7,11,42003110600,2,11,5,3/9/24
117,235210908,139,1849077535,6/6/19,,,,,Intersection Study,,,,,,,-7995373577,4044320393,North Oakland,3,4,42003982200,3,4,4,2/7/24
118,249390037,166,,,,,,,,,,,,,,-79946262,4046212801,Bloomfield,7,8,42003080900,2,8,5,3/6/24
119,26685456,42,1014355185,,,,,,,,,,,,,-7998255105,4045456098,Strip District,7,2,42003020300,6,2,2,2/25/24
120,275496503,180,1511161277,8/30/19,9/9/19,317,,16,StatTrak,25,45,21,22,27,32,-7992604991,4046882391,East Liberty,9,11,42003111300,2,11,5,3/8/24
121,283927123,160,,,,,,,,,,,,,,-799599285,40439268,Central Oakland,3,4,42003040500,3,4,4,2/14/24
122,286504681,119,378111062,7/9/19,7/18/19,,,4,StatTrak,25,,,,,,-79916863,4044124594,Squirrel Hill North,8,14,42003140300,3,14,4,2/18/24
123,300989656,147,1324522674,10/21/19,10/29/19,2436,0.31,3,StatTrak,25,,30,85,34,37,-7997742,4040932501,St. Clair,3,16,42003561700,3,16,3,4/8/24
124,301291530,181,98475052,9/9/19,9/17/19,6943,0.905,11,StatTrak,35,,33,26,37,40,-8001776679,4047042636,Perry South,6,26,42003261500,1,26,1,1/12/24
125,314332417,67,1277351795,2/5/19,2/14/19,1363,,,StatTrak,25,,17,9,23,28,-7997778916,404365681,Bluff,6,1,42003010300,3,1,2,2/1/24
126,325834347,40,1847569204,8/10/18,8/17/18,338,0.606,,StatTrak,25,45,23,,28,30,-8003719351,4043872645,Elliott,2,20,42003562600,5,20,6,1/17/24
127,335439540,135,2108033802,7/18/19,7/26/19,4354,,3,StatTrak,25,,25,41,29,33,-799235397,4045919972,Shadyside,8,7,42003070800,2,7,4,3/11/24
128,340863639,94,690167521,12/15/20,12/23/20,1468,1.673,5,StatTrak,25,56,,24,28,31,-7998843731,4039126208,Carrick,4,29,42003290400,3,29,3,4/23/24
129,345918218,195,,,,,,,,,,,,,,-7997741025,4040932007,St. Clair,3,16,42003561700,3,16,3,4/8/24
130,348266598,183,793526528,9/9/19,9/17/19,3302,,13,StatTrak,25,,35,97,40,43,-8001384775,4048801855,Perry North,1,26,42003260200,1,26,1,1/15/24
131,358321678,21,236359592,9/21/18,10/17/18,,,,,,,,,,,-8000995024,4044562784,North Shore,1,22,42003981200,6,22,1,1/7/24
132,364823086,6,109955947,10/17/18,11/8/18,,,,Tube,,,,,,,-799519779,4044357372,North Oakland,8,4,42003982200,3,4,4,2/8/24
133,370215367,178,305312914,8/30/19,9/9/19,483,,13,StatTrak,25,,26,51,33,37,-7992909548,4047153004,East Liberty,7,11,42003111300,2,11,5,3/8/24
134,37342806,141,,,,,,,,,,,,,,-79977251,4045822535,Strip District,7,6,42003020300,6,6,2,2/25/24
135,382839437,59,334434337,5/1/19,5/7/19,3827,,,StatTrak,25,,28,69,33,37,-7991227235,4046057165,Larimer,9,12,42003120800,2,12,5,3/12/24
136,41516750,161,,,,,,,,,,,,,,-79945821,40447503,Shadyside,8,7,42003070900,2,7,4,2/9/24
137,424435594,123,944115427,5/20/19,,,,,Intersection Study,,,,,,,-7997623766,4045752252,Strip District,7,6,42003020300,6,6,2,3/2/24
138,428229895,25,845788920,11/8/18,11/14/18,382,,,StatTrak,25,43,16,0,20,24,-79960275,4043979142,Central Oakland,6,4,42003040500,3,4,4,2/14/24
139,435095238,102,,,,,,,,,,,,,,-7992710128,4042447666,Greenfield,5,15,42003151700,3,15,4,2/15/24
140,454488789,199,632149062,11/4/19,11/13/19,9600,0.692,4,StatTrak,35,,33,32,38,41,-8005070591,4043335152,Westwood,2,28,42003563100,5,28,6,1/18/24
141,462461649,78,374364494,3/22/19,3/29/19,2386,0.21,4,StatTrak,25,,27,65,32,36,-8000926886,4045110551,Allegheny Center,1,22,42003562700,1,22,1,1/7/24
142,495567113,105,1458021409,6/13/19,6/20/19,1270,,,StatTrak,25,,21,15,25,,-7993721678,4045957376,Bloomfield,7,8,42003080600,2,8,5,3/23/24
143,503144889,174,12984207,8/9/19,8/19/19,3427,,1,StatTrak,25,,35,97,40,43,-8004435805,4044894144,Elliott,2,20,42003562600,5,20,6,1/17/24
144,511073981,207,871644629,11/14/19,12/4/19,155,,6,StatTrak,25,,21,21,27,31,-7991919042,4047070028,Highland Park,7,11,42003110600,2,11,5,3/9/24
145,534535231,4,457410812,10/17/18,10/29/18,7619,,,StatTrak,25,71,32,94,34,36,-800140905,4042962,Mount Washington,2,19,42003191400,5,19,3,4/1/24
146,552155483,79,1302989701,3/22/19,4/29/19,1924,0.236,5,StatTrak,25,,24,38,29,32,-7999704872,4045771003,East Allegheny,1,23,42003563200,1,23,1,1/5/24
147,558341587,56,1046267212,1/14/19,1/22/19,936,,16,StatTrak,25,,22,24,27,32,-7996103086,4047503836,Central Lawrenceville,7,9,42003090100,2,9,2,3/3/24
148,559773473,41,726411339,11/20/17,,,,,Intersection Study,,,,,,,-799528885,404636283,Bloomfield,7,9,42003090300,2,9,5,3/6/24
149,562963377,177,995469639,8/30/19,10/9/19,541,,11,StatTrak,25,,24,38,29,33,-7991768838,4043915109,Squirrel Hill North,5,14,42003140300,3,14,4,2/18/24
150,563226335,2,70105834,9/24/19,10/8/19,867,,5,StatTrak,25,,19,8,24,27,-79947801,40464072,Bloomfield,7,8,42003080900,2,8,5,3/6/24
151,583558220,213,1610564825,6/11/19,6/11/19,,,Tuesday SPC video data,,,,,,,,-7995684514,4042929208,South Oakland,3,4,42003980800,3,4,4,2/12/24
152,589731012,198,211963031,11/4/19,11/13/19,5800,,5,StatTrak,35,,40,87,45,48,-8004611129,4043825783,Westwood,2,28,42003562600,5,28,6,1/17/24
153,594098653,187,1074954009,9/24/19,10/8/19,719,,3,StatTrak,25,,21,11,25,27,-7992598252,4042405251,Squirrel Hill South,5,14,42003141400,3,14,4,2/15/24
154,596116859,70,1435552894,2/14/19,2/22/19,5859,,4,StatTrak,25,,30,83,35,38,-7994271741,4044877794,Shadyside,8,7,42003070900,2,7,4,3/22/24
155,597499467,163,,,,,,,,,,,,,,-799834994,4045328303,Strip District,7,2,42003020300,6,2,2,2/25/24
156,607205051,129,1884276852,7/1/19,,,,,Intersection Study,,,,,,,-7997101147,4046110505,Strip District,7,6,42003020300,6,6,2,3/2/24
157,609406388,204,424741047,11/14/19,11/22/19,1390,,2,StatTrak,25,,21,8,24,27,-7992797767,4044542381,Squirrel Hill North,8,14,42003140200,3,14,4,2/17/24
158,610049666,126,687814145,5/9/19,,,,,Intersection Study,,,,,,,-800239777,404505028,Chateau,6,21,42003980600,1,21,1,1/8/24
159,615223154,175,1247630628,8/9/19,8/19/19,131,,4,StatTrak,25,,22,29,29,33,-8007365573,4045640109,Windgap,2,28,42003563000,5,28,6,1/16/24
160,617004784,188,1101847582,9/24/19,10/8/19,1183,,4,StatTrak,25,,19,6,23,26,-7992610297,4042109337,Squirrel Hill South,5,14,42003141400,3,14,4,2/15/24
161,626984277,127,744399552,3/13/19,,,,,Intersection Study,,,,,,,-7992335097,4042959334,Squirrel Hill South,5,14,42003141400,3,14,4,2/21/24
162,627026154,162,,,,,,,,,,,,,,-799442732,4045466833,Bloomfield,7,8,42003080400,2,8,5,2/23/24
163,633942490,1,1348699590,12/28/18,1/9/19,6513,,14,StatTrak,25,,34,97,39,43,-7991215393,404431866,Point Breeze,9,14,42003981100,3,14,4,2/18/24
164,638221590,48,43884302,9/24/19,10/8/19,571,,,StatTrak,25,,19,8,24,95,-7993387468,4043666494,Squirrel Hill South,5,14,42003980500,3,14,4,2/21/24
165,643622454,120,469728564,7/9/19,7/18/19,,,3,StatTrak,25,,,,,,-799251926,4044395674,Squirrel Hill North,8,14,42003140300,3,14,4,2/18/24
166,655507460,216,,,,,,,,,,,,,,-799452344,4045993546,Bloomfield,7,8,42003080900,2,8,5,3/6/24
167,658228067,168,2069832401,8/1/19,8/9/19,4921,,2,StatTrak,25,,29,81,33,36,-8001381925,4043073623,Mount Washington,2,19,42003190300,5,19,3,4/1/24
168,706207575,97,1467628094,5/16/19,5/28/19,,,5,StatTrak,25,,,,,,-8001562722,4039425912,Brookline,4,19,42003191700,5,19,6,4/26/24
169,706404914,98,2058412732,10/12/19,10/21/19,1625,,2,StatTrak,25,,23,23,27,31,-7999949288,40393387,Brookline,4,32,42003320600,5,32,6,4/25/24
170,72320601,101,1352281779,6/1/19,6/11/19,2238,,,StatTrak,,,29,,34,37,-8001752014,4043229119,Mount Washington,2,19,42003190300,5,19,3,4/1/24
171,731272720,110,901449477,6/14/19,6/24/19,3876,,,StatTrak,25,,27,68,31,34,-8005544829,4045370317,Sheraden,2,20,42003202200,5,20,6,1/16/24
172,735958826,197,2014643189,10/21/19,10/29/19,777,0.839,2,StatTrak,25,,26,58,31,34,-7998978792,4038262219,Overbrook,4,32,42003320400,5,32,3,4/23/24
173,736311994,121,1704999560,7/9/19,7/26/19,929,,5?,StatTrak,25,,22,25,27,31,-7989519209,4044343621,Point Breeze,9,14,42003140600,3,14,4,3/14/24
174,742086325,86,1760887247,4/18/19,4/26/19,5663,,1,StatTrak,25,,24,36,28,31,-7996410968,4045818056,Polish Hill,7,6,42003060500,6,6,2,2/6/24
175,743292552,64,500747930,2/5/19,2/14/19,,,,StatTrak,,,,,,,-799827432,4043616593,Bluff,6,1,42003010300,3,1,2,2/1/24
176,743497140,93,943727004,5/16/19,5/28/19,,,2,StatTrak,,,,,,,-7999008016,4038958486,Carrick,4,29,42003290400,3,29,3,4/23/24
177,772514898,186,999716292,8/30/19,9/9/19,4254,,4,StatTrak,25,,30,83,35,38,-7993040579,404717683,East Liberty,9,11,42003111300,2,11,5,3/8/24
178,802597781,158,,,,,,,,,,,,,,-79928802,4046659201,East Liberty,9,11,42003111500,2,11,5,3/8/24
179,833145460,58,486368234,5/1/19,5/8/19,6747,,,StatTrak,25,,27,64,32,36,-7991261299,4045995942,Larimer,9,12,42003120800,2,12,5,3/10/24
180,836677742,91,1836746369,12/4/18,12/7/18,927,0.313,,StatTrak,25,,193,0,195,198,-799581303,4045578027,Upper Hill,6,5,42003050600,3,5,2,2/22/24
181,845176518,191,1670061854,10/14/19,10/21/19,1107,,11,StatTrak,25,,23,33,23,32,-7989650287,4044068644,Point Breeze,9,14,42003140600,3,14,4,3/14/24
182,845300324,63,1060785814,2/5/19,2/14/19,2547,,2,StatTrak,25,,20,12,25,28,-7998436862,404361006,Bluff,6,1,42003010300,3,1,2,2/4/24
183,856876185,77,675961298,3/22/19,3/31/19,23,,3,StatTrak,25,,14,0,17,,-8001294617,4045661205,Central Northside,1,22,42003220600,1,22,1,1/21/24
184,857278686,27,1738651448,11/20/18,11/29/18,2475,,,StatTrak,25,59,24,40,29,32,-7992530461,4048692397,Morningside,7,10,42003101400,2,10,5,3/7/24
185,881392986,107,757964277,6/13/19,6/20/19,1231,,,StatTrak,25,,21,10,25,,-7992819115,4048115579,Morningside,7,10,42003101400,2,10,5,3/7/24
186,886617272,29,810841420,,,,,,StatTrak,,,,,,,-8003777271,4043797182,Elliott,2,20,42003562600,5,20,6,1/17/24
187,888525454,201,600630272,11/4/19,11/13/19,,,6,StatTrak,25,,21,17,26,29,-7992717887,4045150195,Shadyside,8,7,42003070600,2,7,4,3/11/24
188,906694669,210,1566003055,6/11/19,6/11/19,,,Tuesday SPC Video count,,,,,,,,-7996306663,4042832794,South Side Flats,3,16,42003160900,3,16,3,4/24/24
189,919072428,136,2104195251,10/8/19,10/15/19,7700,,6,StatTrak,25,,32,81,37,40,-7991802458,4046058382,East Liberty,9,12,42003111500,2,12,5,3/10/24
190,92152273,193,267047974,12/12/19,12/24/19,5262,,1,StatTrak,25,,25,49,30,35,-7991045413,4043763509,Squirrel Hill South,5,14,42003980300,3,14,4,2/21/24
191,938626817,172,1989358980,8/1/19,8/9/19,,,6,StatTrak,,,,,,,-7999064237,403864772,Carrick,4,29,42003290400,3,29,3,4/23/24
192,945509221,53,1316151566,1/14/19,1/22/19,5850,,12,StatTrak,25,,22,21,27,31,-7996265897,4047074741,Central Lawrenceville,7,9,42003090100,2,9,2,3/3/24
193,947828592,66,1764794992,2/5/19,2/14/19,,,,StatTrak,,,,,,,-7998160863,4043614347,Bluff,6,1,42003010300,3,1,2,2/1/24
194,956529597,153,2008214585,6/27/18,,,,,Intersection Study,,,,,,,-7998406358,4045235838,Strip District,7,2,42003020300,6,2,2,2/3/24
195,963269671,142,,,,,,,,,,,,,,-7990429,4041988,Swisshelm Park,5,14,42003141100,3,14,4,2/19/24
196,969791742,203,21253671,11/4/19,11/13/19,766,,1,StatTrak,25,,20,11,24,28,-7993247992,4045062189,Shadyside,8,7,42003070300,2,7,4,3/22/24
197,977387533,96,1988657290,5/16/19,5/28/19,,,4,StatTrak,25,,,,,,-8000567637,4038843812,Brookline,4,32,42003320600,5,32,6,4/25/24
198,979579410,54,732845995,1/14/19,1/22/19,573,,13,StatTrak,25,,18,4,22,25,-7996410468,4047152482,Central Lawrenceville,7,9,42003090100,2,9,2,3/3/24
199,980353019,219,685222674,11/22/19,12/4/19,2150,0.735,5,StatTrak,25,,28,73,34,49,-7993528241,4047356601,Stanton Heights,9,10,42003100500,2,10,5,3/7/24
200,983997146,113,1721221853,6/28/19,7/5/19,15000,,13,StatTrak,35,,29,,35,39,-7994134444,4045609443,Bloomfield,7,8,42003080400,2,8,5,3/1/24
201,990099842,88,,,,,,,,,,,,,,-7999912584,4043778315,Central Business District,6,1,42003020100,6,1,2,1/4/24
202,992607449,157,,,,,,,,,,,,,,-799315695,4045833,East Liberty,7,8,42003111500,2,8,5,3/11/24
203,995190042,205,112841430,11/14/19,11/22/19,1316,,5,StatTrak,25,,25,50,30,32,-7992986334,4043559683,Squirrel Hill South,5,14,42003141300,3,14,4,2/21/24
204,1390951989,223,34971343,12/30/19,1/14/20,450,,3,StatTrak,25,,20,11,24,28,-8002596555,4045295851,Manchester,6,21,42003210700,1,21,1,1/8/24
205,1787114552,226,898910124,12/30/19,1/14/20,877,,1,StatTrak,25,,23,29,28,32,-8000902355,4045646362,Central Northside,1,22,42003220600,1,22,1,1/21/24
206,2137013195,221,2090543825,12/30/19,1/14/20,477,0.141,2,StatTrak,25,,20,11,24,28,-8001681888,4045270551,Allegheny West,1,22,42003562700,1,22,1,1/7/24
207,45033818,224,632421281,12/30/19,1/14/20,384,,6,StatTrak,25,,21,17,26,32,-8002443778,4045322719,Manchester,6,21,42003210700,1,21,1,1/8/24
208,619209258,225,1008926761,12/30/19,1/14/20,1043,1.254,5,StatTrak,25,,24,34,28,32,-8002830301,4047246526,Marshall-Shadeland,1,27,42003271500,1,27,1,1/14/24
209,631180472,222,289077370,12/30/19,1/14/20,1105,,4,StatTrak,25,,21,21,27,33,-8002041849,4045511379,Manchester,6,21,42003210700,1,21,1,1/8/24
232,276865270,227,2030304291,1/23/20,1/31/20,334,0.43,6,StatTrak,25,,21,20,27,31,-799664035,4046525641,Lower Lawrenceville,7,6,42003060300,2,6,2,3/3/24
233,1533656734,228,228469783,1/23/20,1/31/20,3138,,1,StatTrak,25,,28,65,33,37,-7996724479,4046516856,Lower Lawrenceville,7,6,42003060300,2,6,2,3/3/24
234,2099401196,229,1991979153,1/23/20,1/31/20,5921,,3,StatTrak,25,,25,44,30,37,-7997151973,4046098888,Strip District,7,6,42003020300,6,6,2,3/2/24
235,1084152705,230,1951529248,1/23/20,1/31/20,1036,,4,StatTrak,25,,20,14,25,29,-7992426331,4043582877,Squirrel Hill South,5,14,42003141300,3,14,4,2/21/24
236,422288517,231,1246031363,1/23/20,1/31/20,463,,2,StatTrak,25,,27,62,32,36,-7991769609,404248555,Squirrel Hill South,5,14,42003141400,3,14,4,2/21/24
265,2109407346,232,2062678770,1/17/20,1/24/20,1328,,5,StatTrak,25,,28,73,32,35,-8001226277,404851894,Perry North,1,26,42003260700,1,26,1,1/15/24
298,373163087,233,411197110,2/5/20,2/13/20,223,,4,StatTrak,25,,20,14,25,32,-7992337727,4042157076,Squirrel Hill South,5,14,42003141400,3,14,4,2/15/24
299,1908186545,234,895575392,2/5/20,2/13/20,1446,,Check Radar,StatTrak,25,,28,72,32,35,-8002501879,4041892104,Beechview,4,19,42003191600,5,19,6,4/28/24
300,1153517202,235,,,,,,,,,,,,,,-7997892764,404227748,South Side Slopes,3,17,42003170600,3,17,3,4/3/24
301,1073085531,236,1359349771,12/3/20,12/11/20,871,,2,StatTrak,20,,18,3,21,24,-7997155373,4042283983,South Side Slopes,3,16,42003160800,3,16,3,4/22/24
302,1471518402,237,427738533,2/5/20,2/13/20,2224,0.47,3,StatTrak,25,,28,73,32,35,-799773935,4041781495,Arlington,3,16,42003160800,3,16,3,4/22/24
303,1425434092,238,821450226,2/5/20,2/13/20,2347,,1,StatTrak,25,,25,50,30,34,-7997419563,4041728605,Arlington,3,16,42003561600,3,16,3,4/22/24
304,695774116,239,1866996667,2/5/20,2/13/20,868,,2,StatTrak,25,,21,13,25,29,-7999004485,4038951511,Carrick,4,29,42003290400,3,29,3,4/23/24
331,757372218,240,86803959,2/14/20,2/22/20,5357,0.434,5,StatTrak,25,,29,78,35,39,-7989986633,4045821247,Homewood North,9,13,42003130300,2,13,5,3/17/24
364,1674924052,241,661669417,2/14/20,2/22/20,6446,,6,StatTrak,25,,31,87,36,40,-7990015639,4045728166,Homewood South,9,13,42003130300,2,13,5,3/17/24
365,1968083477,242,1451739989,2/14/20,2/22/20,3819,0.596,1,StatTrak,25,,24,37,29,32,-7990118099,4045542852,Homewood South,9,13,42003130300,2,13,5,3/17/24
366,1206641937,243,1116951503,2/14/20,2/22/20,2253,,3,StatTrak,25,,29,75,34,38,-7990102988,4045638085,Homewood South,9,13,42003130300,2,13,5,3/17/24
367,1624270451,244,1558284736,2/14/20,2/22/20,2651,1.004,4,StatTrak,25,,30,81,36,39,-7989907723,4045228261,Point Breeze North,9,14,42003140500,2,14,4,3/14/24
368,1788338498,245,1524542857,2/14/20,2/22/20,7277,,2,StatTrak,25,,32,95,37,41,-7989358943,4044935164,Point Breeze North,9,14,42003140500,2,14,4,3/14/24
397,412595515,246,168158378,3/3/20,3/11/20,,,1,StatTrak,25,,,,,,-7991486777,4045162043,Point Breeze,8,14,42003140400,3,14,4,2/17/24
398,188614060,247,1949557608,3/3/20,3/11/20,,,2,StatTrak,25,,,,,,-7991212119,404493181,Point Breeze,8,14,42003140400,3,14,4,2/17/24
399,149692142,248,485207398,3/3/20,3/11/20,,,4,StatTrak,25,,,,,,-7990885425,4044824039,Point Breeze,8,14,42003140600,3,14,4,3/14/24
400,1831921949,249,503027751,3/3/20,3/11/20,1671,,6,StatTrak,25,,29,,35,,-7990204144,4044799545,Point Breeze,9,14,42003140600,3,14,4,3/14/24
401,1071105336,250,1587325508,3/4/20,3/12/20,,,5,StatTrak,,,,,,,-7997607339,4041703426,Arlington,3,16,42003561600,3,16,3,4/22/24
402,211740980,251,1468820472,3/4/20,3/12/20,,,3,StatTrak,,,,,,,-7997599721,40417567,South Side Slopes,3,16,42003160800,3,16,3,4/22/24
430,1569746323,252,2083972553,3/19/20,3/27/20,,,6,StatTrak,,,,,,,-7994855466,4046222049,Bloomfield,7,8,42003080900,2,8,5,3/6/24
431,181242809,253,1002358491,3/19/20,3/27/20,,,2,StatTrak,,,,,,,-7994829475,4046510432,Bloomfield,7,9,42003080900,2,9,5,3/6/24
432,1191932721,254,876365385,3/19/20,3/27/20,,,5,,,,,,,,-7997917022,4042216775,South Side Slopes,3,17,42003170600,3,17,3,4/3/24
433,1613398642,255,97073868,3/19/20,3/27/20,,,3,StatTrak,,,,,,,-8000249215,4042253654,Mount Washington,3,18,42003180700,5,18,3,4/5/24
434,1120210172,256,1974939792,3/19/20,3/27/20,,,1,StatTrak,,,,,,,-8002134971,4045876079,California-Kirkbride,6,21,42003250700,1,21,1,1/9/24
435,1498975372,257,1295352317,3/19/20,3/27/20,,,4,StatTrak,,,,,,,-8001060446,4047058702,Perry South,6,26,42003261400,1,26,1,1/23/24
463,1789153149,258,1003248000,8/21/20,8/31/20,3702,,#2,StatTrak,25,,33,97,38,41,-799193171,404210525,Squirrel Hill South,5,14,42003141400,3,14,4,2/15/24
464,1476877637,259,264167988,8/21/20,8/28/20,175,,#1,StatTrak,,,23,,29,32,-7991485617,4043550166,Squirrel Hill South,5,14,42003140800,3,14,4,2/21/24
465,793543075,260,1597773420,9/2/20,9/10/20,346,,#1,StatTrak,,,21,,26,29,-7992116942,4047357505,Highland Park,7,11,42003110200,2,11,5,3/9/24
466,1599865645,261,830991831,9/2/20,9/10/20,393,,#2,StatTrak,,,21,,26,29,-7992007374,4047537361,Highland Park,7,11,42003110200,2,11,5,3/9/24
467,799096979,262,1169829155,9/4/20,9/11/20,79,,#5,StatTrak,25,,15,,18,21,-7994695283,4046512943,Bloomfield,7,8,42003080900,2,8,5,3/6/24
468,450517570,263,922974279,8/28/20,9/8/20,493,,#4,StatTrak,,,23,,27,29,-8000827709,4038761838,Brookline,4,32,42003191800,5,32,6,4/25/24
469,111651765,264,2131302388,9/16/20,9/24/20,1713,,#1,StatTrak,,,25,,31,34,-7994659232,4046458393,Bloomfield,7,8,42003080900,2,8,5,3/6/24
470,950865722,265,1160607646,9/16/20,9/24/20,77,,#2,StatTrak,,,16,,21,25,-7994889466,4046544568,Bloomfield,7,9,42003090300,2,9,5,3/6/24
471,1322907977,266,2037369760,9/29/20,10/7/20,450,,#4,StatTrak,25,66,32,84,38,43,-7996181268,4045666994,Polish Hill,7,6,42003060500,3,6,2,2/24/24
472,1148857711,267,866628456,9/29/20,10/7/20,403,,#5,StatTrak,25,53,27,58,33,36,-7995823663,4045833334,Upper Hill,6,5,42003060500,3,5,2,2/24/24
473,1747903211,268,1990052827,9/29/20,10/8/20,434,,#3,StatTrak,,,21,,26,29,-7998463267,4039480996,Carrick,4,29,42003290200,3,29,3,4/12/24
474,1271744444,269,903509181,9/24/20,10/2/20,58,,#6,StatTrak,,,17,,22,27,-7992284404,4046883801,East Liberty,9,11,42003111300,2,11,5,3/8/24
475,129759562,270,1173026235,7/15/20,7/23/20,630,,,StatTrak,,,20,,23,25,-7991890991,4047721007,Highland Park,7,11,42003110200,2,11,5,3/9/24
476,428626891,271,599138140,7/15/20,7/23/20,765,,,StatTrak,,,21,,25,30,-7991879726,404771611,Highland Park,7,11,42003110200,2,11,5,3/9/24
477,49936170,272,217811209,7/6/20,7/15/20,447,,,StatTrak,,,24,,29,33,-7998265596,4038844253,Carrick,4,29,42003290400,3,29,3,4/15/24
478,356579717,273,371928739,7/15/20,7/23/20,240,,,StatTrak,,,19,,24,27,-7998024734,4039179289,Carrick,4,29,42003290400,3,29,3,4/15/24
479,1197544687,274,876907650,7/6/20,7/14/20,421,,,StatTrak,,,21,,26,30,-799217699,4047252006,Highland Park,7,11,42003110200,2,11,5,3/9/24
480,756230800,275,1042493214,7/15/20,7/23/20,1577,0.421,,StatTrak,,,23,,29,33,-8000243993,4042175003,Beltzhoover,3,18,42003562400,5,18,3,4/5/24
481,550216999,276,860508874,7/6/20,7/15/20,79,,,StatTrak,,,20,,25,29,-7992197383,4047025672,Highland Park,7,11,42003110200,2,11,5,3/9/24
482,1485225020,277,932056673,7/6/20,7/15/20,410,,,StatTrak,,,22,,27,31,-7992325325,4047211761,Highland Park,7,11,42003110200,2,11,5,3/9/24
483,518712801,278,1302109006,7/27/20,8/4/20,338,,,StatTrak,,,17,,21,25,-7994591523,4046490639,Bloomfield,7,8,42003080900,2,8,5,3/6/24
484,255361105,279,39803703,7/27/20,8/4/20,439,,,StatTrak,,,20,,25,31,-7993416179,4046259636,Friendship,9,8,42003080700,2,8,5,3/23/24
485,967589290,280,2015844570,7/27/20,8/4/20,377,,,StatTrak,,,19,,24,282,-7993953694,4046372282,Bloomfield,7,8,42003080900,2,8,5,3/23/24
486,1488834790,281,1844845892,7/27/20,8/4/20,305,,,StatTrak,,,24,,29,32,-7990525948,4044609087,Point Breeze,9,14,42003140600,3,14,4,3/14/24
487,995942627,282,1710930717,7/27/20,8/4/20,4732,,,StatTrak,,,32,,37,40,-7991870003,4046439187,East Liberty,9,11,42003111500,2,11,5,3/10/24
488,54863761,283,125626905,7/27/20,8/4/20,5804,,,StatTrak,,,33,,38,41,-7991824673,4046446534,Larimer,9,12,42003120800,2,12,5,3/10/24
489,1772898101,284,1809645121,8/6/20,8/14/20,3117,,,StatTrak,,,35,,41,45,-8003547017,4046880982,Marshall-Shadeland,1,27,42003271500,1,27,1,1/14/24
490,768305302,285,1819743631,8/6/20,8/14/20,2679,1.1,,StatTrak,,,35,,41,45,-8003866736,404741476,Brighton Heights,1,27,42003270300,1,27,1,1/14/24
491,448047523,286,1528757788,8/7/20,8/14/20,5259,0.217,,StatTrak,,,37,,43,48,-8002850145,4046115005,California-Kirkbride,6,21,42003210700,1,21,1,1/9/24
492,1142659093,287,1490013197,8/6/20,8/6/20,8112,,,StatTrak,,,30,,35,39,-7995666167,4044954575,North Oakland,8,4,42003562000,3,4,4,2/23/24
493,1131354794,288,1831132941,8/7/20,8/14/20,579,2.082,,StatTrak,,,28,,33,37,-8000918142,4040218727,Brookline,4,19,42003191700,5,19,6,4/26/24
494,1507531891,289,1274441265,8/7/20,8/14/20,8429,,,StatTrak,,,35,,41,45,-8002766265,4046441817,Marshall-Shadeland,1,27,42003270400,1,27,1,1/9/24
495,1193077063,290,185718524,8/28/20,9/8/20,567,,,StatTrak,,,23,,27,30,-8001293626,403897406,Brookline,4,19,42003191800,5,19,6,4/26/24
496,1290494208,291,336694800,8/28/20,9/8/20,277,,#6,StatTrak,,,26,,31,34,-8002245273,4038884988,Brookline,4,19,42003191800,5,19,6,4/26/24
497,1210892177,292,1907761525,9/15/20,9/23/20,2770,,,StatTrak,,,38,,43,46,-8001360379,4048786252,Perry North,1,26,42003260700,1,26,1,1/15/24
498,1031619422,293,2039426244,9/15/20,9/23/20,177,,,StatTrak,,,21,,28,33,-8001430335,4048696945,Perry North,1,26,42003260700,1,26,1,1/15/24
499,785478146,294,803211323,9/15/20,9/23/20,1226,0.275,,StatTrak,,,29,,34,37,-7998822297,40473502,Spring Garden,1,26,42003241200,1,26,1,1/11/24
500,1447326289,295,111179609,9/15/20,9/23/20,945,,,StatTrak,,,23,,29,32,-80027661,4047003801,Marshall-Shadeland,1,27,42003271500,1,27,1,1/14/24
501,1238476148,296,1524260833,2/14/20,2/22/20,6446,,,StatTrak,,,31,,36,40,-7989349606,4045567614,Homewood South,9,13,42003130300,2,13,5,3/17/24
529,427254216,297,1574024593,2/14/20,2/22/20,5357,,,StatTrak,,,29,,35,39,-7989286851,4045656534,Homewood South,9,13,42003130300,2,13,5,3/17/24
530,1624280389,298,1681154440,2/14/20,2/22/20,3819,,,StatTrak,,,24,,29,32,-7989475251,4045396124,Homewood South,9,13,42003130300,2,13,5,3/17/24
531,318972132,299,1479047291,2/14/20,2/22/20,2253,,,StatTrak,,,29,,34,38,-7989380242,4045474616,Homewood South,9,13,42003130300,2,13,5,3/17/24
532,1282562954,300,741491457,2/14/20,2/22/20,7277,,,StatTrak,,,32,,37,41,-7989111527,4045286614,Homewood South,9,13,42003130400,2,13,5,3/17/24
533,1102956184,301,1734336793,2/14/20,2/22/20,2651,,,StatTrak,,,30,,36,39,-7989774569,4045444177,Homewood South,9,13,42003130300,2,13,5,3/17/24
534,806927494,302,968047295,11/14/19,12/2/19,317,,,StatTrak,,,22,,27,30,-7991792948,4047080132,Highland Park,7,11,42003110600,2,11,5,3/9/24
535,1215979940,303,310322564,11/22/19,12/2/19,4016,,,StatTrak,,,33,,37,40,-7993759535,4048126172,Stanton Heights,9,10,42003100500,2,10,5,3/7/24
536,699716104,304,1070642071,,,10001,,,StatTrak,,,27,,32,35,-799212985,4044382105,Squirrel Hill North,8,14,42003140300,3,14,4,2/18/24
537,72946739,305,2017245451,10/6/20,,,,6,StatTrak,,,,,,,-7995927762,4046754854,Central Lawrenceville,7,9,42003090200,2,9,2,3/3/24
538,749666891,306,734320697,9/29/20,10/8/20,7119,,2,StatTrak,,,29,,34,37,-7999445701,4041411303,Knoxville,3,30,42003300100,5,30,3,4/7/24
539,33843989,307,1371902444,9/29/20,10/8/20,263,,1,StatTrak,,,23,,28,31,-8004074993,4044259004,Elliott,2,20,42003562600,5,20,6,1/17/24
562,723046862,308,866451140,10/14/20,10/22/20,799,,3,StatTrak,,,20,,28,32,-7992441255,4043681766,Squirrel Hill South,5,14,42003141300,3,14,4,2/21/24
595,1747387604,309,1970095666,10/8/20,10/17/20,1061,,5,StatTrak,25,61,25,48,30,33,-8002849077,4047274658,Marshall-Shadeland,1,27,42003271500,1,27,1,1/14/24
596,1378444744,310,1663677069,10/6/20,10/14/20,900,,6,StatTrak,25,49,22,27,28,32,-7995850965,4046683292,Central Lawrenceville,7,9,42003090200,2,9,2,3/3/24
628,410602600,311,1431627012,10/27/20,11/4/20,608,,2,StatTrak,25,,21,9,24,27,-8002464896,4045228501,Manchester,6,21,42003210700,1,21,1,1/8/24
629,401135888,312,1645819786,10/27/20,11/4/20,3190,,3,StatTrak,25,,27,59,32,36,-8001674181,4045370554,Central Northside,1,22,42003220600,1,22,1,1/7/24
630,763158204,313,283499688,10/27/20,11/4/20,3913,,5,StatTrak,25,93,33,95,37,40,-7999323602,4040280999,Carrick,4,29,42003290100,3,29,3,4/23/24
631,1177739956,314,244677539,10/27/20,11/4/20,525,,6,StatTrak,25,47,23,31,29,33,-8002234,4049200899,Perry North,1,26,42003260200,1,26,1,1/15/24
632,2034185540,316,190985760,10/17/20,10/27/20,6291,,4,StatTrak,25,70,30,81,35,38,-799795506,4042154758,South Side Slopes,3,17,42003170600,3,17,3,4/3/24
661,1105202061,317,873441779,11/4/20,11/13/20,560,,1,StatTrak,,,17,,20,24,-8002719102,4045764707,Manchester,6,21,42003210700,1,21,1,1/8/24
662,1195234534,318,1130428778,11/5/20,11/13/20,4182,,3,StatTrak,,,32,,36,39,-8001561595,4047287536,Perry South,6,26,42003261500,1,26,1,1/23/24
663,767387264,319,2134404796,11/5/20,11/13/20,3824,,2,StatTrak,,,29,,35,39,-8001958026,4045922375,California-Kirkbride,6,25,42003250700,1,25,1,1/9/24
694,2118942201,320,571016153,11/5/20,11/13/20,3091,,6,StatTrak,25,58,28,70,32,35,-7994670324,4045108406,Shadyside,8,7,42003070900,2,7,4,2/9/24
695,2068404339,321,535664332,11/5/20,11/13/20,10113,,5,StatTrak,25,64,29,79,33,36,-7993737586,404539823,Shadyside,8,7,42003070900,2,7,4,3/22/24
696,588990751,322,1277360834,11/5/20,11/13/20,2265,,4,StatTrak,25,59,24,40,29,34,-7991167091,4046279869,Larimer,9,12,42003120400,2,12,5,3/12/24
697,1703344824,323,61593219,11/20/20,11/30/20,577,0.773,1,StatTrak,25,,26,54,32,35,-7993077047,4042171014,Greenfield,5,15,42003151700,3,15,4,2/12/24
698,49750232,324,887132706,11/20/20,11/30/20,,1.583,2,StatTrak,25,,26,57,31,34,-7993428685,4041961507,Hazelwood,5,15,42003562900,3,15,4,2/12/24
699,230934835,325,40065525,11/20/20,11/30/20,2183,,3,StatTrak,25,,32,93,37,40,-7992471136,4041471407,Hazelwood,5,15,42003562300,3,15,4,2/12/24
727,938946316,326,224998963,11/19/20,12/2/20,63,0.63,4,StatTrak,25,,21,22,27,31,-7999731197,4046439502,Spring Hill-City View,1,24,42003262000,1,24,1,1/24/24
728,713909736,327,766860178,11/19/20,12/2/20,419,2.46,5,StatTrak,25,,25,47,30,34,-8000928535,4046520311,Fineview,6,26,42003261400,1,26,1,1/10/24
729,70878715,328,248864678,11/19/20,12/2/20,2697,,6,StatTrak,,,29,82,34,37,-8003755298,4048450199,Brighton Heights,1,27,42003270100,1,27,1,1/14/24
730,614417587,329,1406278027,12/3/20,12/11/20,115,0.94,1,StatTrak,25,,18,3,22,24,-7998109634,404310019,South Side Flats,3,17,42003170200,3,17,3,4/24/24
731,2065174971,330,2006513535,12/4/20,12/14/20,6641,,3,StatTrak,25,,36,97,42,47,-8002850078,4045468025,Manchester,6,21,42003210700,1,21,1,1/8/24
732,1004625028,331,640242903,12/4/20,12/14/20,693,,4,StatTrak,25,,22,15,26,28,-8001142902,4048533317,Perry North,1,26,42003260700,1,26,1,1/15/24
733,667038165,332,1235035075,12/4/20,12/14/20,2718,,5,StatTrak,25,,33,94,38,42,-8001248003,40488466,Perry North,1,26,42003260200,1,26,1,1/15/24
734,786591987,333,2138413979,12/4/20,12/14/20,6191,,6,StatTrak,35,,43,91,50,55,-8001126197,4049159501,Perry North,1,26,42003260200,1,26,1,1/15/24
760,592949364,334,1764428554,12/15/20,12/23/20,195,1.812,2,StatTrak,25,51,20,19,27,33,-7989405799,4046385703,Lincoln-Lemington-Belmar,9,12,42003561900,2,12,5,3/18/24
761,1469659733,335,1095139650,12/15/20,12/23/20,2737,,1,StatTrak,25,68,31,82,35,38,-7991322128,404269095,Squirrel Hill South,5,14,42003141400,3,14,4,2/20/24
762,2147460777,336,67646009,12/16/20,12/23/20,666,0.794,4,StatTrak,25,44,24,39,29,31,-7992099399,4038795361,New Homestead,5,31,42003310300,3,31,4,4/20/24
763,1844854594,337,37034468,12/15/20,12/23/20,126,0.984,3,StatTrak,25,46,20,14,25,30,-79915459,4037251402,Lincoln Place,5,31,42003310200,3,31,4,4/20/24
764,621691967,338,1599660994,12/15/20,12/23/20,6417,,6,StatTrak,25,71,26,50,30,33,-7998746298,4038457499,Carrick,4,29,42003290400,3,29,3,4/23/24
793,1564003903,339,645659849,1/8/21,1/16/21,816,,4,StatTrak,25,64,23,28,28,31,-8002622501,4047477001,Marshall-Shadeland,1,27,42003271500,1,27,1,1/14/24
794,179318306,340,1151539482,1/8/21,1/16/21,109,,5,StatTrak,25,46,23,29,29,32,-8002653615,4047419055,Marshall-Shadeland,1,27,42003271500,1,27,1,1/14/24
795,425649408,341,6129295,1/8/21,1/16/21,5843,,6,StatTrak,25,79,28,73,33,38,-8001639999,4045874402,California-Kirkbride,6,25,42003250700,1,25,1,1/21/24
826,1817567735,342,87863528,1/8/21,1/20/21,5218,,1,StatTrak,25,,26,54,31,34,-7993615283,4045157485,Shadyside,8,7,42003070300,2,7,4,3/22/24
827,1923682482,343,1076917557,1/8/21,1/20/21,9022,,2,StatTrak,25,,30,85,34,37,-7993741279,4045406691,Shadyside,8,7,42003070900,2,7,4,3/22/24
828,779473088,344,506869136,1/8/21,1/16/21,,,3,StatTrak,,,,,,,-7992921649,4046940851,East Liberty,9,11,42003111300,2,11,5,3/4/24
859,606875725,345,635306010,1/21/21,,,,1,StatTrak,25,,,,,,-7995312895,4043896209,Central Oakland,3,4,42003040500,3,4,4,2/11/24
860,1111892992,346,2049624150,1/21/21,1/29/21,7148,,2,StatTrak,25,,23,30,28,31,-7995567906,4043647049,Central Oakland,3,4,42003040500,3,4,4,2/11/24
861,1192944420,347,1098903159,1/24/21,2/1/21,4044,,4,StatTrak,25,87,30,82,34,38,-7998028983,4041784591,South Side Slopes,3,17,42003170600,3,17,3,4/22/24
862,308210711,348,1122068978,1/24/21,2/1/21,2065,,5,StatTrak,25,66,25,49,32,36,-7997241017,40417547,South Side Slopes,3,16,42003160800,3,16,3,4/22/24
863,1934819285,349,1424302140,1/24/21,2/1/21,3116,,6,StatTrak,25,67,31,84,36,40,-7996401997,4042017301,South Side Slopes,3,16,42003160800,3,16,3,4/22/24
892,853507387,350,1135201370,1/22/21,1/30/21,2171,,3,StatTrak,30,,32,,38,43,-800404424,4047809797,Brighton Heights,1,27,42003270300,1,27,1,1/14/24
893,1864843360,351,1306423661,2/2/21,2/12/21,4821,,2,StatTrak,,,,75,33,36,-79919198,4043085803,Squirrel Hill South,5,14,42003140800,3,14,4,2/21/24
894,1304722150,352,921103195,2/2/21,2/12/21,4042,,3,StatTrak,25,,28,74,33,36,-7992331787,4042632537,Squirrel Hill South,5,14,42003141400,3,14,4,2/21/24
895,56799300,353,268781922,2/2/21,2/12/21,5649,,1,StatTrak,,,28,69,32,35,-7991879315,4043409469,Squirrel Hill South,5,14,42003140800,3,14,4,2/21/24
896,702788420,354,342001643,2/4/21,2/12/21,4120,,4,StatTrak,25,,26,56,31,35,-7992251329,4045732249,Shadyside,8,7,42003070800,2,7,4,3/11/24
897,1042370979,355,310905035,2/4/21,2/12/21,7117,,5,StatTrak,25,,32,89,37,40,-7992106574,4044621903,Point Breeze,8,14,42003140400,3,14,4,2/17/24
898,721409644,356,1474777154,2/4/21,2/12/21,7802,,6,StatTrak,25,,29,76,33,37,-7991975782,4044084469,Squirrel Hill North,8,14,42003140300,3,14,4,2/18/24
925,406919888,357,,,,,,,,,,,,,,-8000153,4041995928,Beltzhoover,3,18,42003562400,5,18,3,4/16/24
926,836551162,358,,,,,,,,,,,,,,-8006155631,4044737238,,,28,42003464300,5,28,,1/16/24
927,655822402,359,,,,,,,,,,,,,,-8006387162,4044929333,Sheraden,2,20,42003202200,5,20,6,1/16/24
928,904759944,360,,,,,,,,,,,,,,-8006661589,4042370894,Oakwood,2,28,42003562800,5,28,6,1/19/24
929,816314407,361,,,,,,,,,,,,,,-8005216029,4043617598,Westwood,2,28,42003563100,5,28,6,1/18/24
958,929455212,362,,,,,,,,,,,,,,-80035543,4040833998,Banksville,2,20,42003202300,5,20,6,4/9/24
959,1199749411,363,,,,,,,,,,,,,,-8001747791,4048864348,Perry North,1,26,42003260200,1,26,1,1/15/24
960,6941614,364,,,,,,,,,,,,,,-8001614208,4048627122,Perry North,1,26,42003260200,1,26,1,1/15/24
961,641233999,365,,,,,,,,,,,,,,-8001308076,4048036043,Perry North,1,26,42003980400,1,26,1,1/15/24
962,1720372548,366,,,,,,,,,,,,,,-8001214207,4047732154,Perry North,1,26,42003260700,1,26,1,1/23/24
963,927954449,367,,,,,,,,,,,,,,-8000936934,4047165704,Perry South,6,26,42003261500,1,26,1,1/23/24
964,1666177048,368,,,,,,,,,,,,,,-800131246,4043422538,Mount Washington,2,19,42003190300,5,19,3,4/1/24
991,1224179419,369,1109192446,3/12/21,3/22/21,793,,1,StatTrak,25,56,25,49,31,34,-8001839397,4046885302,Perry South,6,26,42003261500,1,26,1,1/12/24
992,1525753837,370,1214724225,3/12/21,3/22/21,157,,2,StatTrak,25,31,18,2,22,24,-800107899,4046497006,Perry South,6,25,42003261400,1,25,1,1/10/24
1024,940895432,371,,,,,,,,,,,,,,-8001325401,4043347101,Mount Washington,2,19,42003190300,5,19,3,4/1/24
1025,324950885,372,,,,,,,,,,,,,,-8001346591,4043239304,Mount Washington,2,19,42003190300,5,19,3,4/1/24
1026,1208878284,373,,,,,,,,,,,,,,-800136188,4043101085,Mount Washington,2,19,42003190300,5,19,3,4/1/24
1057,1335069399,374,540091931,3/24/21,4/1/21,2320,,1,StatTrak,,56,26,58,30,33,-7992633385,404873215,Morningside,7,10,42003101400,2,10,5,3/7/24
1058,647944396,375,1963389764,3/24/21,4/1/21,462,,2,StatTrak,,42,21,12,25,28,-7992517128,4048584856,Morningside,7,10,42003101400,2,10,5,3/7/24
1059,682438710,376,1777671555,3/24/21,4/1/21,2170,,3,StatTrak,,66,25,46,30,33,-7992517061,4048705928,Morningside,7,10,42003101400,2,10,5,3/7/24
1060,2070723283,377,1671464686,3/24/21,4/1/21,3885,,4,StatTrak,,65,32,92,37,40,-79923427,4048774467,Morningside,7,10,42003101400,2,10,5,3/7/24
1061,490978388,378,149938512,3/24/21,4/1/21,396,,5,StatTrak,15,48,25,50,30,33,-7993950986,4040419507,Hazelwood,5,15,42003562300,3,15,4,2/13/24
1062,729640239,379,,,,,,,,,,,,,,-7993891542,4040403823,Hazelwood,5,15,42003562300,3,15,4,2/13/24
1090,552643712,380,122880372,4/5/21,4/14/21,1352,,1,StatTrak,,48,26,55,31,34,-8005547894,4045365757,Sheraden,2,20,42003202200,5,20,6,1/16/24
1091,7634720,381,1512624332,4/5/21,4/14/21,2571,0.132,2,StatTrak,,51,28,78,32,34,-8006976556,404584772,Chartiers City,2,20,42003563000,5,20,6,1/16/24
1092,1759296050,382,461558164,4/5/21,4/14/21,1368,,3,StatTrak,,67,26,51,30,34,-8002410933,4045839718,Manchester,6,21,42003210700,1,21,1,1/8/24
1093,1590127600,383,924914303,4/5/21,4/14/21,222,,4,StatTrak,25,59,20,18,27,30,-8002647261,4045688048,Manchester,6,21,42003210700,1,21,1,1/8/24
1094,1873460113,384,77483144,4/5/21,4/14/21,550,,5,StatTrak,25,49,24,39,29,32,-8002375201,404545818,Manchester,6,21,42003210700,1,21,1,1/8/24
1095,730252976,385,,,,,,,,,,,,,,-8001738981,4045564717,Central Northside,1,22,42003220600,1,22,1,1/9/24
1123,629581327,386,1850837930,4/15/21,4/23/21,4278,,1,StatTrak,25,58,30,87,35,38,-7992128895,4043510017,Squirrel Hill South,5,14,42003140800,3,14,4,2/21/24
1124,572121094,387,111314139,4/15/21,4/23/21,3891,,2,StatTrak,25,56,24,38,29,32,-7992767797,4043334851,Squirrel Hill South,5,14,42003141300,3,14,4,2/21/24
1125,1131825798,388,1554633502,4/15/21,4/23/21,1470,,3,StatTrak,25,52,26,53,30,33,-7992737622,4043056167,Squirrel Hill South,5,14,42003141300,3,14,4,2/21/24
1126,1607615396,389,842389384,4/15/21,4/23/21,5422,,4,StatTrak,25,68,34,97,39,42,-7993164496,404335445,Squirrel Hill South,5,14,42003141300,3,14,4,2/21/24
1127,1972575753,390,2036218181,4/15/21,4/23/21,709,,5,StatTrak,25,67,25,46,29,32,-7992879377,4043554114,Squirrel Hill South,5,14,42003141300,3,14,4,2/21/24
1156,710660947,391,1065696916,4/28/21,5/6/21,3834,,1,StatTrak,25,75,25,47,30,33,-7992831365,4045769213,Shadyside,8,7,42003070500,2,7,4,3/11/24
1157,869990233,392,116450044,4/28/21,5/6/21,7572,,2,StatTrak,25,81,23,24,27,29,-7993530005,404533723,Shadyside,8,7,42003070300,2,7,4,3/22/24
1158,566900803,393,1170781399,4/28/21,5/6/21,3738,,3,StatTrak,25,64,25,45,29,32,-7994394699,4045062781,Shadyside,8,7,42003070900,2,7,4,2/9/24
1189,578171830,394,1979412300,4/28/21,5/6/21,8025,,4,StatTrak,25,62,26,59,31,35,-8002505029,4039493174,Brookline,4,19,42003191800,5,19,6,4/26/24
1190,1417086478,395,290367959,4/28/21,5/6/21,8498,,5,StatTrak,25,74,30,89,34,37,-8002114767,4039911595,Brookline,4,19,42003191900,5,19,6,4/26/24
1191,1513188293,396,1486881228,4/28/21,5/6/21,7903,,6,StatTrak,25,103,35,96,40,43,-8001517188,4040466808,Brookline,4,19,42003191700,5,19,6,4/26/24
1222,1807120511,397,459231747,5/11/21,5/19/21,2421,,2,StatTrak,25,74,27,57,33,37,-7989826109,404533888,Homewood South,9,13,42003130300,2,13,5,3/17/24
1223,351053814,398,87221602,5/11/21,5/19/21,1670,,3,StatTrak,25,57,21,18,26,30,-7989498603,4046102413,Homewood North,9,13,42003130200,2,13,5,3/17/24
1224,875500968,399,698383717,5/11/21,5/19/21,4184,,4,StatTrak,25,84,34,96,38,,-8002979687,4049442341,,,,42003429700,,,,
1225,603379701,400,1486294292,5/11/21,5/19/21,937,0.439,5,StatTrak,25,57,26,55,31,,-8000480112,4048540553,Summer Hill,1,26,42003261200,1,26,1,1/15/24
1226,504395374,401,1119323351,5/11/21,5/19/21,2523,,6,StatTrak,25,25,24,39,29,,-7999150951,4046208233,Spring Hill-City View,1,24,42003262000,1,24,1,1/24/24
1255,1537413465,402,1787290229,5/25/21,,,,1,StatTrak,25,,,,,,-7989581215,4045843232,Homewood North,9,13,42003130200,2,13,5,3/17/24
1288,1167043215,403,1466393598,5/21/21,,,,6,StatTrak,25,,,,,,-7989716181,4047021554,Lincoln-Lemington-Belmar,9,12,42003561900,2,12,5,3/18/24
1289,1085928260,404,946266285,5/21/21,,,,4,StatTrak,25,,,,,,-7987166582,4045470922,East Hills,9,13,42003130600,2,13,5,3/19/24
1290,1689187063,405,1747490015,5/21/21,,,,3,StatTrak,25,,,,,,-7986931821,4045070309,East Hills,9,13,42003130600,2,13,5,3/19/24
1291,1388421819,406,1886843630,5/21/21,,,,1,StatTrak,25,,,,,,-7999063981,4038631266,Carrick,4,29,42003290400,3,29,3,4/23/24
1292,1427370645,407,2052848618,5/21/21,,,,5,StatTrak,25,,,,,,-7989379431,4046115952,Homewood North,9,13,42003130100,2,13,5,3/17/24
1321,434083600,408,1452803107,6/3/21,6/11/21,2465,,6,StatTrak,25,67,27,61,33,38,-7986962776,4045418533,East Hills,9,13,42003130600,2,13,5,3/19/24
1322,758271465,409,175878135,6/3/21,6/11/21,654,,5,StatTrak,25,58,23,31,28,3165,-799083819,4046278312,Larimer,9,12,42003120400,2,12,5,3/12/24
1323,564617016,410,1853670524,6/3/21,,2807,,4,StatTrak,25,76,28,69,33,36,-799129657,4046380122,Larimer,9,12,42003120800,2,12,5,3/12/24
1324,1821807873,411,71269012,6/3/21,6/11/21,623,,3,StatTrak,25,39,16,3,20,24,-7992919551,4045265715,Shadyside,8,7,42003070500,2,7,4,3/11/24
1325,284761113,412,1486633590,6/3/21,6/11/21,2585,1.5,2,StatTrak,25,57,23,28,27,30,-7996551908,4044081815,West Oakland,6,4,42003040200,3,4,4,2/10/24
1326,95491588,413,1333913708,6/3/21,6/11/21,3621,,1,StatTrak,25,63,28,70,32,36,-7999759863,4042470702,Mount Washington,3,18,42003180700,5,18,3,4/5/24
1354,1925644354,414,73977255,6/29/21,7/7/21,,,6,StatTrak,25,48,28,73,33,37,-7987988603,4045069498,East Hills,9,13,42003130600,2,13,5,3/17/24
1355,442888756,415,1668923437,6/15/21,6/23/21,1817,,6,StatTrak,25,59,23,25,27,30,-799804392,4042437344,South Side Slopes,3,17,42003170600,3,17,3,4/3/24
1356,1051538241,416,22306407,6/28/21,7/7/21,,,2,StatTrak,25,42,21,23,27,31,-7993547054,4046395905,Bloomfield,9,8,42003080700,2,8,5,3/23/24
1357,485111600,417,623157968,6/28/21,7/7/21,,,1,StatTrak,25,,,,,,-8001344177,404325183,Mount Washington,2,19,42003190300,5,19,3,4/1/24
1358,1473613946,418,304282221,6/28/21,7/7/21,,,3,StatTrak,25,56,23,33,29,34,-7989124594,4046468598,Lincoln-Lemington-Belmar,9,12,42003561900,2,12,5,3/18/24
1359,1378242439,419,530061422,6/28/21,7/7/21,,,4,StatTrak,25,63,29,72,36,40,-7987917919,4045205265,East Hills,9,13,42003130600,2,13,5,3/17/24
1360,293756163,420,1730012022,6/28/21,7/7/21,,,5,StatTrak,25,36,20,6,23,26,-7988106721,4045120513,East Hills,9,13,42003130600,2,13,5,3/17/24
1361,5216219,421,1382452398,6/29/21,7/7/21,5605,,7,StatTrak,25,75,29,77,33,36,-7992671506,4042595842,Greenfield,5,15,42003151700,3,15,4,2/15/24
1362,1376631013,422,651815798,6/29/21,7/7/21,,,5,StatTrak,25,47,23,24,27,29,-7992642663,4043678189,Squirrel Hill South,5,14,42003141300,3,14,4,2/21/24
1363,1671608614,423,1290715814,6/15/21,6/23/21,809,,1,StatTrak,25,38,17,2,21,23,-8001019315,4045780138,Central Northside,6,25,42003250300,1,25,1,1/21/24
1364,1101807875,424,1231032838,6/15/21,6/23/21,,,1,StatTrak,25,51,26,53,29,32,-8000797228,4045910547,Central Northside,6,25,42003250900,1,25,1,1/10/24
1365,1214039853,425,1941456903,6/15/21,6/23/21,,,3,StatTrak,25,72,29,79,33,37,-7992075284,4047040848,Highland Park,7,11,42003110200,2,11,5,3/9/24
1366,257117947,426,129119643,6/15/21,6/23/21,,,5,StatTrak,15,62,21,13,25,28,-7989558291,4045338614,Homewood South,9,13,42003130300,2,13,5,3/17/24
1367,464876196,427,325746791,6/15/21,6/23/21,,,4,StatTrak,15,57,21,17,26,29,-798940004,4045287589,Homewood South,9,13,42003130300,2,13,5,3/17/24
1387,618384995,428,,,,,,,,,,,,,,-8001334332,4043317131,Mount Washington,2,19,42003190300,5,19,3,4/1/24
1388,1140544457,429,1023986428,7/9/21,7/19/21,910,,2,StatTrak,25,51,23,29,28,30,-7994042785,4046103362,Bloomfield,7,8,42003080600,2,8,5,3/23/24
1389,742131013,430,1933384987,7/9/21,7/19/21,271,,3,StatTrak,25,39,20,10,25,27,-7995300464,4046517311,Bloomfield,7,9,42003090300,2,9,5,3/6/24
1390,368912259,431,1965316306,7/9/21,7/19/21,3454,,4,StatTrak,25,51,23,31,28,32,-7995589338,4046623117,Central Lawrenceville,7,9,42003090200,2,9,2,3/3/24
1391,1374032413,432,,,,,,,,,,,,,,-7998468254,4046164703,Troy Hill,1,24,42003240600,1,24,1,1/2/24
1392,112611055,433,,,,,,,,,,,,,,-7999026664,4046542949,Spring Hill-City View,1,24,42003262000,1,24,1,1/11/24
1393,1132416719,434,,,,,,,,,,,,,,-8000907404,4049719598,Summer Hill,1,26,42003261200,1,26,1,1/15/24
1394,1037219067,435,,,,,,,,,,,,,,-8003777058,4048255664,Brighton Heights,1,27,42003270100,1,27,1,1/14/24
1420,1329604877,436,1001258944,7/21/21,,,,2,StatTrak,25,,,,,,-7996037954,404550574,Upper Hill,6,5,42003050600,3,5,2,2/22/24
1421,704127706,437,1832664152,7/21/21,,,,3,StatTrak,25,,,,,,-7996677427,4045014681,Middle Hill,6,5,42003050100,3,5,2,2/5/24
1422,1814538648,438,1741898762,7/21/21,,,,4,StatTrak,25,,,,,,-7998065059,4044082605,Crawford-Roberts,6,3,42003030500,3,3,2,2/1/24